{"position":{"x":0.8858687877655029,"y":-0.2683861553668976,"z":0.0},"HP":1.0}